EventId,EventTime[UTC],EventGPS,PwaveFirstArrivalGPS,EventMagnitude,EventDistance[km],EventDepth[km],EventDegreeA2B[degree]
10965945,2018-10-31T12:36:32.300000Z,1225024610.3,,5.2,17098.037030772237,10.0,226.66073400089954
10965916,2018-10-31T08:29:59.320000Z,1225009817.32,1225010454.2821512,5.1,3418.828367176666,25.35,64.87852698843612
10965556,2018-10-30T15:12:00.610000Z,1224947538.61,1224948042.0156,5.7,9558.189291257991,11.0,46.03047446439507
10965528,2018-10-30T12:52:39.850000Z,1224939177.85,1224939410.5241,5.1,4753.909374207726,178.62,342.41094303513086
10965520,2018-10-30T11:48:01.640000Z,1224935299.64,,5.0,17621.42513464607,10.0,146.29624451587767
10965501,2018-10-30T08:32:25.210000Z,1224923563.21,1224924066.7298846,5.0,9563.065009073724,8.74,45.99994538845477
10965460,2018-10-30T02:59:58.140000Z,1224903616.14,1224904119.4079258,5.6,9561.042353133262,10.0,45.99309737034029
10965448,2018-10-30T02:13:39.550000Z,1224900837.55,1224901183.3405836,6.1,9208.51546026873,227.28,330.18666576968184
10967537,2018-10-29T23:43:22.000000Z,1224891820.0,1224892369.2622235,5.0,12680.057481127826,10.0,308.01222994130296
10965401,2018-10-29T23:26:09.160000Z,1224890787.16,1224891336.0766747,5.8,12697.878577979407,10.0,308.05857395732073
10965343,2018-10-29T21:31:16.770000Z,1224883894.77,1224884294.2227542,5.0,13851.822139340162,10.0,326.49974409653214
10965335,2018-10-29T21:11:18.410000Z,1224882696.41,1224883085.931901,5.1,5862.465875218612,42.48,32.846423742999534
10965333,2018-10-29T21:07:13.310000Z,1224882451.31,,5.5,17093.547208720396,10.0,226.26319924293534
10965319,2018-10-29T20:17:22.520000Z,1224879460.52,,5.8,17084.879733186768,10.0,226.4316129040636
10965212,2018-10-29T14:51:46.650000Z,1224859924.65,1224860169.4093301,5.3,3258.538997041093,10.0,17.555753968563756
10968097,2018-10-29T14:41:46.670000Z,1224859324.67,1224859569.9476898,5.1,3295.89696686307,10.0,17.597505160042115
10965206,2018-10-29T14:40:33.100000Z,1224859251.1,1224859495.248395,5.2,3268.8113259946217,10.0,17.506590261936278
10965184,2018-10-29T13:41:13.350000Z,1224855691.35,1224855935.4681394,5.2,3254.4618516051414,10.0,17.50415673888377
10965136,2018-10-29T07:41:55.940000Z,1224834133.94,1224834471.0745049,5.0,6656.712703257874,182.89,331.61265827661816
10965132,2018-10-29T06:54:21.440000Z,1224831279.44,,6.3,17091.417570805686,10.0,226.80979338504832
10965094,2018-10-29T03:18:37.080000Z,1224818335.08,,5.0,17230.86578711324,10.0,144.72960920138482
10965072,2018-10-29T01:27:44.250000Z,1224811682.25,1224812005.2010148,5.5,600.9308065991997,94.0,334.11560381264184
10965035,2018-10-28T22:23:54.080000Z,1224800652.08,1224801107.3102114,6.1,12608.803192503668,24.69,319.6773955888813
10965015,2018-10-28T20:41:48.350000Z,1224794526.35,1224794874.2554579,5.0,7222.833428278018,74.59,331.53244447647063
10964863,2018-10-28T08:09:59.580000Z,1224749417.58,1224749635.9942033,5.2,3745.425887161036,45.79,15.733366396583408
10964805,2018-10-28T00:38:11.760000Z,1224722309.76,1224722831.6294365,5.5,8589.446057465033,151.0,50.42258571112236
10964806,2018-10-28T00:37:31.900000Z,1224722269.9,1224722493.6081972,5.3,4882.884157856387,45.54,343.8516059762998
10964721,2018-10-27T16:57:35.640000Z,1224694673.64,1224695444.050698,5.5,5538.443900566098,30.9,271.27940451557373
10964717,2018-10-27T16:57:27.837000Z,1224694665.837,1224695440.8693693,5.0,5525.547367295906,10.0,270.99453047439994
10964601,2018-10-27T05:17:26.630000Z,1224652664.63,1224652906.27044,5.3,4979.535552114749,10.0,342.6947260749353
10964420,2018-10-26T17:02:12.280000Z,1224608550.28,1224608851.0849125,5.0,5569.162690275632,15.62,337.31057116326997
10964382,2018-10-26T12:41:13.930000Z,1224592891.93,1224593395.73067,5.1,9554.056987811218,10.0,46.060656933648104
10964372,2018-10-26T12:03:22.910000Z,1224590620.91,1224591109.425659,5.0,16601.248019808372,137.31,314.10285325780757
10964345,2018-10-26T09:48:11.840000Z,1224582509.84,1224582996.5984879,5.0,11751.110744190839,10.0,316.0806990457908
10964339,2018-10-26T09:05:39.700000Z,1224579957.7,1224580274.1021564,5.7,2353.649305513493,10.0,335.82296802083096
10964297,2018-10-26T05:48:37.160000Z,1224568135.16,1224568638.9767141,5.1,9555.22264898258,10.0,46.06269217626564
10966837,2018-10-26T03:06:18.410000Z,1224558396.41,,5.1,1131.7519490437444,10.0,220.94116534613076
10964262,2018-10-26T03:04:53.700000Z,1224558311.7,,5.6,1130.6753762592668,10.0,220.00929210947737
10964246,2018-10-26T01:06:04.530000Z,1224551182.53,1224551687.5134876,5.0,9544.116930328446,10.0,46.21079760192402
10964196,2018-10-26T00:32:54.260000Z,1224549192.26,1224549695.1909938,5.0,9552.014960680413,10.0,45.95038958006954
10964170,2018-10-25T23:15:23.410000Z,1224544541.41,1224544754.531279,5.1,4027.011288003389,10.0,15.084022577203955
10964167,2018-10-25T23:09:21.420000Z,1224544179.42,1224544683.3516674,5.1,9572.146327144983,10.0,46.07727529470389
10964158,2018-10-25T22:54:52.590000Z,1224543310.59,1224543813.775863,6.8,9554.44659107731,14.0,46.062384088846485
10964149,2018-10-25T22:22:54.760000Z,1224541392.76,1224541896.6450953,5.1,9558.040249320566,10.0,46.07136687958545
10964001,2018-10-25T18:36:09.090000Z,1224527787.09,,5.7,448.16056154723,40.0,243.5367424466945
10963995,2018-10-25T18:32:41.000000Z,1224527579.0,1224528013.9026735,5.4,7760.5059213129125,200.4,320.01663700663175
10963428,2018-10-24T11:29:01.380000Z,1224415759.38,1224416175.3064044,5.1,7241.964940668333,10.0,324.59382208995595
10963395,2018-10-24T06:57:09.060000Z,1224399447.06,1224399673.3148248,5.1,4888.52157087512,41.46,343.66596678840455
10963115,2018-10-23T16:04:04.240000Z,1224345862.24,1224346331.265213,5.7,1966.5642733534796,31.0,42.1053772141943
10963058,2018-10-23T11:55:37.980000Z,1224330955.98,1224331654.8141618,5.2,13830.274862194434,10.0,285.4769416562982
10962976,2018-10-23T04:38:10.590000Z,1224304708.59,1224305064.1635392,5.2,7426.995566381833,65.87,330.7602306228543
10962972,2018-10-23T04:34:58.720000Z,1224304516.72,1224304987.9119847,5.7,1962.7651238238245,34.19,42.42443006198981
10962719,2018-10-22T21:37:26.310000Z,1224279464.31,1224280200.0587168,5.1,4642.511873784276,10.0,81.15635369811734
10962539,2018-10-22T16:27:00.900000Z,1224260838.9,1224261458.3751836,5.2,7301.736877510258,10.0,298.11868797170405
10962537,2018-10-22T16:07:48.450000Z,1224259686.45,1224259971.7233062,5.1,4576.150257071459,10.0,21.161981921413844
10962447,2018-10-22T10:47:19.230000Z,1224240457.23,,5.0,384.7593213551081,46.64,251.5890376815744
10962405,2018-10-22T06:22:48.810000Z,1224224586.81,1224225209.771242,6.5,7245.148592886101,10.0,297.5998570005122
10962403,2018-10-22T06:16:28.160000Z,1224224206.16,1224224827.307763,6.8,7272.9912452026,10.0,297.8701307972707
10962400,2018-10-22T05:39:40.330000Z,1224221998.33,1224222620.154897,6.6,7260.9985931272995,10.96,297.7462157024946
10962300,2018-10-21T21:08:56.540000Z,1224191354.54,1224191804.4212763,5.1,14608.940479849189,70.61,319.72940832725106
10962239,2018-10-21T16:35:11.540000Z,1224174929.54,1224175176.821722,5.1,14424.46950008229,20.84,342.1268710761765
10962094,2018-10-21T01:40:37.800000Z,1224121255.8,1224121807.3873162,5.9,10827.471954534592,10.0,52.300090366701035
10962025,2018-10-20T18:51:58.200000Z,1224096736.2,1224096959.1033561,5.3,3627.0384983407143,85.65,16.242385589031965
10961967,2018-10-20T14:21:34.980000Z,1224080512.98,1224080800.8226292,5.0,1599.2552020130356,38.4,338.27465770012833
10961908,2018-10-20T09:47:52.580000Z,1224064090.58,1224064235.7175515,5.5,4845.812529201358,352.42,10.609557534382901
10961464,2018-10-19T15:20:27.860000Z,1223997645.86,1223998015.5044847,5.4,8128.825176258368,496.67,325.0264124801745
10961445,2018-10-19T13:25:46.720000Z,1223990764.72,1223991431.5630374,5.1,5503.427254181999,122.97,71.42196550356726
10961409,2018-10-19T09:19:32.810000Z,1223975990.81,1223976200.0819967,5.1,5360.853668323982,3.18,14.738013965240452
10961376,2018-10-19T05:55:12.820000Z,1223963730.82,,5.5,4349.218968343032,58.0,357.6893921950879
10961339,2018-10-19T02:31:58.620000Z,1223951536.62,1223951963.959841,5.0,8776.92952444,10.0,323.2590075605758
10961129,2018-10-18T15:18:04.190000Z,1223911102.19,1223911588.155863,5.0,10163.010807337967,10.0,43.820672241736794
10960701,2018-10-17T18:34:50.850000Z,1223836508.85,1223836807.35845,5.1,2951.2118821828494,101.9,23.27472623471668
10960563,2018-10-17T13:29:08.420000Z,1223818166.42,1223818455.4291005,5.2,880.4329651243609,80.18,337.8578620466742
10960381,2018-10-17T06:01:19.700000Z,1223791297.7,1223791653.1702843,5.1,7343.778855432764,10.0,331.4960386992657
10960375,2018-10-17T04:12:46.730000Z,1223784784.73,,5.2,17625.464001639786,10.0,101.06628479292364
10960369,2018-10-17T03:57:24.720000Z,1223783862.72,,5.4,17646.372779049605,10.0,101.0730509609064
10960326,2018-10-17T01:23:08.790000Z,1223774606.79,1223774960.286416,5.3,7280.3038878271145,10.0,331.7174934286249
10960322,2018-10-17T00:57:43.620000Z,1223773081.62,1223773433.464085,5.7,6126.001457265669,35.0,331.5109483065639
10960042,2018-10-16T12:50:28.920000Z,1223729446.92,1223730118.6216383,5.4,14584.061020494197,10.0,290.0130767450624
10959997,2018-10-16T08:35:36.800000Z,1223714154.8,1223714407.9786768,5.4,15606.701803162365,10.0,18.238209364445535
10959983,2018-10-16T06:49:51.220000Z,1223707809.22,1223708160.9164174,5.2,7276.91791543331,10.0,331.91912532736205
10959967,2018-10-16T05:34:51.960000Z,1223703309.96,1223703662.366221,5.1,7288.076180044145,10.0,331.83965001728853
10959955,2018-10-16T04:42:42.990000Z,1223700180.99,1223700533.0613148,5.6,7285.810044485137,10.0,331.8771544683232
10959950,2018-10-16T04:21:22.600000Z,1223698900.6,1223699253.161737,5.0,7299.402414652337,10.0,331.82223107409203
10959948,2018-10-16T04:08:59.190000Z,1223698157.19,1223698508.9773011,5.1,7297.273163976472,10.0,331.9089517957273
10959941,2018-10-16T03:52:07.580000Z,1223697145.58,1223697452.026395,5.0,3442.969568535395,35.0,23.466535009119188
10959940,2018-10-16T03:32:45.430000Z,1223695983.43,1223696335.9308767,5.0,7273.624256523395,10.0,331.82904813900916
10959937,2018-10-16T03:14:32.360000Z,1223694890.36,1223695244.3330767,5.1,7295.765972720626,10.0,331.6640489324109
10959933,2018-10-16T03:03:28.050000Z,1223694226.05,1223694577.454475,5.1,7281.906945560913,10.0,331.95180039559256
10959926,2018-10-16T02:24:06.580000Z,1223691864.58,1223692217.6102533,5.0,7304.3997422153,10.0,331.7697404459356
10959924,2018-10-16T02:10:13.990000Z,1223691031.99,1223691766.0812547,5.4,4643.310807503482,20.29,81.1641130876816
10959914,2018-10-16T01:38:25.160000Z,1223689123.16,1223689475.7149463,5.4,7278.588160677005,10.0,331.82299174898657
10959916,2018-10-16T01:31:25.300000Z,1223688703.3,1223689055.852353,5.2,7274.605520064405,10.0,331.8232821911871
10959915,2018-10-16T01:29:05.020000Z,1223688563.02,1223688915.0317745,5.1,7289.691727488567,10.0,331.8838210288052
10959908,2018-10-16T01:14:37.660000Z,1223687695.66,1223688047.4938653,5.8,7275.489307094879,10.0,331.90373911717717
10959905,2018-10-16T01:03:43.090000Z,1223687041.09,1223687393.8697743,6.4,7272.157572954246,10.0,331.7978055757474
10959899,2018-10-16T00:28:12.710000Z,1223684910.71,1223685263.110287,6.3,7292.82983422577,10.0,331.8403146332415
10959809,2018-10-15T19:40:31.670000Z,1223667649.67,1223667875.9551384,5.2,4934.129716853366,10.0,343.90875672583223
10959783,2018-10-15T19:35:56.660000Z,1223667374.66,1223667601.3008955,5.3,4920.314938592203,10.0,343.88103634942314
10959634,2018-10-15T12:58:55.430000Z,1223643553.43,1223644096.083459,5.5,17319.513461807324,163.34,306.5994607972068
10959518,2018-10-15T01:32:12.390000Z,1223602350.39,,5.3,2604.138784207388,121.0,229.973124488148
10959498,2018-10-14T23:53:16.308000Z,1223596414.308,1223597224.008046,5.0,5298.24159555484,3.2,263.70211877191446
10959497,2018-10-14T23:53:14.769000Z,1223596412.769,1223597218.7141283,5.3,5322.7816346769405,10.5,264.2624241350329
10959412,2018-10-14T16:27:21.010000Z,1223569659.01,1223570092.2861195,5.0,9994.012096749519,10.0,37.440254655517045
10959364,2018-10-14T12:41:14.450000Z,1223556092.45,1223556524.3402624,5.9,10018.959464653384,10.0,37.27667899806258
10959351,2018-10-14T11:07:50.010000Z,1223550488.01,1223551268.5750005,5.0,15378.732551429637,10.0,90.19465730420856
10959276,2018-10-14T05:05:34.540000Z,1223528752.54,1223529185.2825046,5.8,9999.300592766283,10.0,37.377246779926516
10959073,2018-10-13T19:38:25.770000Z,1223494723.77,1223495107.9836724,5.0,6021.831159216699,10.0,31.756142191038904
10958985,2018-10-13T11:10:22.400000Z,1223464240.4,,6.7,2209.274811507342,461.0,220.64175792130737
10958926,2018-10-13T04:34:15.580000Z,1223440473.58,1223440695.352013,5.2,4061.03076060198,105.53,16.23328942922153
10958883,2018-10-13T00:13:45.900000Z,1223424843.9,1223425181.3379862,5.7,6375.822843001206,197.43,331.4315441847082
10958878,2018-10-13T00:13:23.710000Z,1223424821.71,1223425326.7068722,5.2,15835.712657839333,39.91,313.2623504567856
10958773,2018-10-12T21:38:24.710000Z,1223415522.71,,5.1,1418.6752204788559,355.35,216.38509830809468
10958761,2018-10-12T21:09:49.310000Z,1223413807.31,1223414259.1215827,5.7,12446.61867729859,64.33,319.5710045281207
10958593,2018-10-12T09:40:21.080000Z,1223372439.08,1223373121.1287925,5.1,13593.073223988287,10.0,288.3128737910786
10958522,2018-10-12T04:15:47.370000Z,1223352965.37,1223353659.090461,5.2,319.0788807502748,32.01,285.7749051587607
10958500,2018-10-12T02:52:03.620000Z,1223347941.62,1223348165.1819808,5.6,4940.7706088215655,10.0,344.1184450454114
10958265,2018-10-11T15:08:10.770000Z,1223305708.77,,5.0,2092.020816153314,19.02,234.2196411460577
10958198,2018-10-11T05:47:36.180000Z,1223272074.18,,5.1,2082.338847217912,32.18,234.10423288706497
10958167,2018-10-11T02:55:45.100000Z,1223261763.1,1223261943.757545,5.6,4720.281062902221,10.27,12.70420350814965
10958158,2018-10-11T02:16:21.970000Z,1223259399.97,,5.1,2084.1723112108807,48.48,233.49802246297688
10958010,2018-10-11T00:14:42.490000Z,1223252100.49,,5.3,2092.263599732002,28.93,234.03560243354815
10963802,2018-10-10T23:21:50.620000Z,1223248928.62,,5.5,2091.2985217363503,10.0,234.39943416643789
10963798,2018-10-10T23:19:42.580000Z,1223248800.58,,5.2,2087.8590848189315,10.0,234.61661621014403
10957989,2018-10-10T23:16:52.010000Z,1223248630.01,1223249047.8693259,5.2,8304.239834088175,104.16,323.16419902691666
10957985,2018-10-10T23:16:02.130000Z,1223248580.13,,6.5,2098.144714955675,20.0,234.2161950074873
10957964,2018-10-10T22:00:34.500000Z,1223244052.5,1223244282.7756927,6.2,4821.7782778582705,121.0,342.99696563545945
10957948,2018-10-10T21:13:14.330000Z,1223241212.33,1223241437.2356746,5.9,4905.257209364766,19.63,343.9202699880385
10957945,2018-10-10T20:59:01.880000Z,1223240359.88,1223240581.9099867,5.9,4904.1696189304885,54.03,343.9520299292288
10957936,2018-10-10T20:48:20.750000Z,1223239718.75,1223239943.5229414,7.0,4884.810274760034,45.05,343.7693700604133
10957939,2018-10-10T20:45:26.530000Z,1223239544.53,1223239770.1896954,6.1,4892.510662537736,53.14,343.66768881063336
10957904,2018-10-10T18:44:55.280000Z,1223232313.28,1223232634.2035754,6.0,5412.706351144629,9.0,24.656133799046202
10957853,2018-10-10T16:18:27.020000Z,1223223525.02,1223223849.5243258,5.1,5861.308840976282,35.0,334.55192298863653
10957773,2018-10-10T10:28:04.560000Z,1223202502.56,1223203079.6183298,5.1,4496.271852041935,10.0,55.78601765369394
10957736,2018-10-10T06:27:58.424000Z,1223188096.424,1223188854.5877914,5.0,5161.248168524208,48.3,273.3852435111202
10957735,2018-10-10T05:53:57.980000Z,1223186055.98,1223186210.9098165,5.3,4819.871733864488,110.67,348.9313617850239
10957696,2018-10-10T02:02:59.340000Z,1223172197.34,1223172364.8012304,5.5,4830.732936636116,36.19,348.0735263071993
10957655,2018-10-09T23:12:31.190000Z,1223161969.19,1223162392.512805,5.1,7851.850182307309,231.95,321.0675109869516
10957571,2018-10-09T19:05:42.490000Z,1223147160.49,1223147739.2049928,5.4,16875.58869972371,10.0,56.01699692217565
10957286,2018-10-09T07:45:11.750000Z,1223106329.75,,6.1,2101.114481950714,20.0,233.84819360986808
10959912,2018-10-08T21:16:05.260000Z,1223068583.26,1223068875.8350487,5.2,4534.93532418933,10.0,21.84145786796777
10956789,2018-10-08T12:05:56.150000Z,1223035574.15,1223036089.8668394,5.5,10401.292448042652,7.0,312.47796198299
10956641,2018-10-07T20:00:18.890000Z,1222977636.89,1222977976.813279,5.4,12992.62739353928,23.0,333.0186175561508
10956613,2018-10-07T17:57:21.270000Z,1222970259.27,1222970554.9356444,5.0,5402.521769337014,10.0,22.13054297347024
10956612,2018-10-07T17:42:21.590000Z,1222969359.59,1222969734.6582227,5.6,8469.152573027768,400.0,325.16041069036214
10956542,2018-10-07T09:44:28.710000Z,1222940686.71,1222941127.2837036,5.0,15614.869177709465,10.0,38.304977503168985
10956591,2018-10-07T01:44:22.920000Z,1222911880.92,1222912520.9360912,5.1,13033.85527957292,10.0,295.0182789011339
10956590,2018-10-07T01:06:51.150000Z,1222909629.15,1222910269.109846,5.6,13031.414222450076,10.0,295.02691376902504
10956445,2018-10-07T00:11:51.220000Z,1222906329.22,1222906669.0167854,5.9,12993.399043777295,24.0,333.01815341933525
10956446,2018-10-07T00:10:04.880000Z,1222906222.88,1222906307.63808,5.8,15096.142237448137,10.0,5.704884756255119
10956432,2018-10-06T23:01:01.770000Z,1222902079.77,1222902268.851543,5.0,4873.567259824351,52.49,346.47283980612787
10956345,2018-10-06T16:22:33.580000Z,1222878171.58,1222878379.450265,5.0,4843.1109885895075,128.03,344.79610374183795
10956142,2018-10-05T21:08:26.670000Z,1222808924.67,1222809278.390525,5.4,7302.399629387194,5.61,331.7674305631787
10955994,2018-10-05T18:16:11.010000Z,1222798589.01,1222799075.1412919,5.2,10589.35234163315,10.0,43.841249868384374
10955939,2018-10-05T15:13:28.150000Z,1222787626.15,1222788068.268476,5.2,15344.842244742114,10.0,38.48871460037235
10955936,2018-10-05T14:59:44.140000Z,1222786802.14,1222787243.6384532,5.8,15361.317223434102,10.0,38.414938611161155
10955810,2018-10-05T01:56:35.820000Z,1222739813.82,1222740028.110268,5.0,4596.646726666639,10.0,344.82710720261923
10955808,2018-10-05T01:46:01.210000Z,1222739179.21,1222739667.9739666,5.3,16260.849471608184,10.0,315.830785652295
10955796,2018-10-04T23:58:48.760000Z,1222732746.76,,5.0,796.0670230767464,16.92,212.21659445165938
10955761,2018-10-04T22:44:32.800000Z,1222728290.8,1222728680.2952437,5.0,1317.9636542139963,10.0,32.35869621468339
10955349,2018-10-04T04:16:21.520000Z,1222661799.52,1222662182.0412052,5.5,7591.962006348457,590.03,322.766298777166
10955345,2018-10-04T03:41:34.180000Z,1222659712.18,,5.1,2957.7623013446396,22.09,233.71659421498956
10955253,2018-10-03T23:59:41.670000Z,1222646399.67,,5.2,17526.11639969511,64.87,145.89068471887944
10955061,2018-10-03T12:38:04.370000Z,1222605502.37,1222605756.1885946,5.2,5491.647525595521,10.0,18.29045647417306
10955024,2018-10-03T09:58:05.820000Z,1222595903.82,1222596156.0091298,5.0,5498.869169647991,10.0,18.157520058754848
10954965,2018-10-03T05:23:24.570000Z,1222579422.57,1222579738.1863632,5.3,5730.380552794741,10.0,335.90902170629295
10954594,2018-10-02T10:08:37.460000Z,1222510135.46,1222510485.3691697,5.6,6810.411904919041,10.0,332.1190420103931
10954547,2018-10-02T05:15:33.750000Z,1222492551.75,1222492757.299546,5.1,4160.815736452752,47.04,14.748227880490065
10954545,2018-10-02T04:59:26.290000Z,1222491584.29,1222491869.2520614,5.0,4566.385894574376,10.0,21.133123865208823
10954542,2018-10-02T04:49:31.470000Z,1222490989.47,1222491241.9274848,5.6,5495.514888890098,20.71,18.29376555427585
10954468,2018-10-02T00:16:45.700000Z,1222474623.7,1222474875.3125134,5.9,5494.319624499062,26.0,18.271049760416442
10954454,2018-10-01T23:59:42.730000Z,1222473600.73,1222473850.5829537,6.0,5500.075300717613,29.0,18.153414506615473
10954448,2018-10-01T23:46:38.980000Z,1222472816.98,1222473110.3495173,5.2,4486.300711605225,10.0,21.915683727460753
10954429,2018-10-01T23:12:02.340000Z,1222470740.34,1222470993.5259507,5.0,5496.543555557256,10.0,18.238802949657906
10954385,2018-10-01T21:43:02.980000Z,1222465400.98,1222465854.676998,5.3,12034.173126653328,116.83,318.70733466228467
10954256,2018-10-01T18:16:42.100000Z,1222453020.1,1222453548.1291687,5.3,10097.847895592644,10.0,49.178329945032324
10954253,2018-10-01T18:12:59.950000Z,1222452797.95,1222453326.0655727,5.2,10101.167018831287,10.0,49.18961222252716
10954171,2018-10-01T15:11:49.730000Z,1222441927.73,,5.3,17072.160225521176,10.0,260.88201214496996
10954129,2018-10-01T13:24:44.800000Z,1222435502.8,1222436047.5738018,5.1,5188.986894609212,25.65,51.70380464662972
10954138,2018-10-01T13:20:56.170000Z,1222435274.17,1222435707.2337925,5.0,8292.369344984674,10.0,322.5848200147595
10954067,2018-10-01T07:21:40.090000Z,1222413718.09,1222414245.983698,5.3,10101.25076439184,10.0,49.16064309369352
10954058,2018-10-01T06:02:49.300000Z,1222408987.3,1222409515.2796638,5.1,10095.835209052651,10.0,49.171866294762275
10954051,2018-10-01T05:43:35.190000Z,1222407833.19,1222408132.767124,5.1,4429.10138331359,10.0,22.497780449310394
10954024,2018-10-01T04:27:59.980000Z,1222403297.98,1222403884.2596974,5.3,11881.589403448143,10.0,57.078759683681916
10957710,2018-10-01T04:26:28.480000Z,1222403206.48,1222403734.246038,5.1,10090.2522780745,10.0,49.143978711867305
10953927,2018-09-30T21:58:01.870000Z,1222379899.87,1222380057.5516038,5.0,4773.813464796281,85.51,348.7518622036595
10953779,2018-09-30T10:52:24.240000Z,1222339962.24,1222340347.5387049,6.7,7665.199671677201,564.13,322.61792985690016
10953752,2018-09-30T08:54:05.100000Z,1222332863.1,,5.0,789.4967139799586,35.0,212.21499536906487
10953440,2018-09-29T10:30:18.270000Z,1222252236.27,1222252522.0666976,5.1,4553.152747515399,10.0,21.210528523796516
10953409,2018-09-29T07:40:11.650000Z,1222242029.65,1222242315.5944984,5.1,4559.721440774609,10.0,21.224241862336847
10953256,2018-09-28T21:24:01.980000Z,1222205059.98,1222205345.6119988,5.0,4567.808917866118,10.0,21.19524952516866
10953170,2018-09-28T15:35:42.380000Z,1222184160.38,1222184451.7383356,5.0,4556.086392494294,10.0,21.727893444520916
10953131,2018-09-28T14:26:00.960000Z,1222179978.96,1222180279.810608,5.4,4422.694425289061,10.0,22.61769274078913
10953123,2018-09-28T13:39:44.430000Z,1222177202.43,1222177491.372159,5.2,4558.547983440575,10.0,21.502787070917982
10953120,2018-09-28T13:35:30.630000Z,1222176948.63,1222177247.7962842,5.7,4419.421146699942,10.0,22.45913270526749
10953109,2018-09-28T12:32:44.900000Z,1222173182.9,1222173424.5883515,5.4,14007.166635416526,37.7,342.4464726510876
10953107,2018-09-28T12:27:33.240000Z,1222172871.24,1222173165.1579885,5.1,4463.083360073461,10.0,21.96696057444463
10953088,2018-09-28T11:06:51.150000Z,1222168029.15,1222168317.0289295,5.2,4564.312210231746,10.0,21.40389938373924
10953083,2018-09-28T10:50:25.150000Z,1222167043.15,1222167335.323443,5.7,4491.517101081118,10.0,21.803957789226942
10953082,2018-09-28T10:47:44.560000Z,1222166882.56,1222167176.7768185,5.1,4469.721424753657,10.0,21.99491035282972
10953080,2018-09-28T10:39:03.050000Z,1222166361.05,1222166654.2700808,5.4,4485.608843409159,10.0,21.90171772418131
10953077,2018-09-28T10:25:04.440000Z,1222165522.44,1222165813.0304327,5.8,4522.634588662196,10.0,21.656291880753763
10953087,2018-09-28T10:16:49.140000Z,1222165027.14,1222165317.754381,5.7,4501.893733776566,10.0,21.65852405547687
10953075,2018-09-28T10:14:20.450000Z,1222164878.45,1222165176.4713485,5.8,4422.010278287834,10.0,22.35152287186285
10953070,2018-09-28T10:02:43.480000Z,1222164181.48,1222164477.638918,7.5,4436.927931276753,10.0,22.176768421633188
10953051,2018-09-28T08:24:58.490000Z,1222158316.49,1222158611.5140963,5.1,4452.989390697142,10.0,22.070458694338523
10962151,2018-09-28T07:13:00.280000Z,1222153998.28,,5.0,17117.868057853382,10.0,146.74121154502046
10953031,2018-09-28T07:06:39.860000Z,1222153617.86,1222154145.7500865,5.7,10089.95791194151,10.0,49.16017165455904
10953041,2018-09-28T07:03:18.350000Z,1222153416.35,1222153710.2473717,5.4,4432.796878978604,10.0,21.96503259450772
10953030,2018-09-28T06:59:59.780000Z,1222153217.78,1222153514.4012725,6.1,4462.494581230256,5.19,22.1555676789979
10953020,2018-09-28T06:21:54.900000Z,1222150932.9,1222151460.8965323,5.6,10090.554615780555,10.0,49.174068679309265
10952928,2018-09-27T22:25:43.680000Z,1222122361.68,1222122748.27872,5.5,7640.178463193506,536.25,322.67161661538387
10952892,2018-09-27T21:13:19.910000Z,1222118017.91,1222118690.8647163,5.3,5078.7300450946495,10.0,70.19096715921376
10952695,2018-09-27T15:53:32.840000Z,1222098830.84,1222099089.40286,5.2,5029.265338944514,168.58,340.08612321082995
10952612,2018-09-27T10:25:47.600000Z,1222079165.6,,5.7,16592.79119746224,10.0,120.8599831195314
10952610,2018-09-27T10:21:49.770000Z,1222078927.77,1222079434.940248,5.2,9558.171758205153,10.0,46.48890877365046
10952562,2018-09-27T05:29:00.800000Z,1222061358.8,1222061462.3931375,5.1,4835.58616257468,48.18,7.2701854916593405
10952563,2018-09-27T04:44:31.260000Z,1222058689.26,1222058953.077644,5.0,3092.2595689264845,35.0,19.480267446485705
10952334,2018-09-26T17:51:41.330000Z,1222019519.33,1222020002.5193725,5.0,5357.889910980115,10.0,43.47587301679524
10952325,2018-09-26T17:33:35.770000Z,1222018433.77,1222019095.3734672,5.7,14261.483869485246,10.0,291.63988625436014
10952206,2018-09-26T09:27:40.660000Z,1221989278.66,1221989356.6877213,5.0,4131.6873607478965,19.91,5.301537303902141
10952079,2018-09-26T00:37:33.170000Z,1221957471.17,1221957856.684473,5.8,7634.625622808052,568.67,322.557276207142
10952039,2018-09-25T22:56:47.550000Z,1221951425.55,1221951934.2898035,5.2,16070.166584954459,51.22,312.6339788734714
10951971,2018-09-25T19:41:31.030000Z,1221939709.03,1221940111.5893242,5.0,8928.822998060577,40.37,325.67515661554194
10951716,2018-09-25T08:53:40.080000Z,1221900838.08,,5.1,1955.270979738961,35.0,234.6121640347086
10951427,2018-09-24T17:13:10.670000Z,1221844408.67,,5.3,17056.41777409064,10.0,148.35271290394388
10951242,2018-09-24T03:42:21.200000Z,1221795759.2,1221795899.4203923,5.0,4812.5306976413685,117.48,350.021170264555
10951100,2018-09-23T14:59:52.440000Z,1221750010.44,1221750446.5798013,5.1,8338.261417359949,10.0,322.22108438652407
10950991,2018-09-23T05:52:15.160000Z,1221717153.16,1221717387.811018,5.8,2827.010208088204,32.0,343.04908083702185
10950990,2018-09-23T05:45:51.020000Z,1221716769.02,1221717097.9097037,5.1,13112.477175331038,20.55,334.2758222439071
10950986,2018-09-23T05:39:57.610000Z,1221716415.61,1221716605.7811997,5.1,9629.103451854422,10.0,13.398375723606161
10950985,2018-09-23T05:32:11.260000Z,1221715949.26,1221716522.6279707,5.4,17088.570319824696,59.29,303.85366607495337
10950967,2018-09-23T03:09:38.790000Z,1221707396.79,1221707602.5955002,5.3,4144.874968460026,35.0,14.73461080042771
10950887,2018-09-22T19:16:52.970000Z,1221679030.97,1221679144.7753224,5.0,4826.948244586849,80.08,8.026575782178242
10950880,2018-09-22T18:35:36.490000Z,1221676554.49,1221677002.6264172,5.1,8194.415188977004,10.0,320.79303812834104
10950802,2018-09-22T13:13:58.030000Z,1221657256.03,1221657855.5173938,5.4,17094.6917258282,28.99,300.62524589652213
10950762,2018-09-22T10:58:01.690000Z,1221649099.69,1221649485.6714041,5.5,1303.3674940470487,10.0,31.95760181955512
10950743,2018-09-22T08:42:31.790000Z,1221640969.79,1221641410.793838,5.0,15568.170832412445,10.0,38.356113455633405
10950741,2018-09-22T08:35:13.420000Z,1221640531.42,,5.0,1476.5435666461317,33.11,233.5066800090921
10950450,2018-09-21T12:49:28.840000Z,1221569386.84,1221569891.8336344,5.7,13072.716090919386,10.0,313.78791356458044
10950339,2018-09-21T03:41:41.530000Z,1221536519.53,1221536892.445244,5.7,7505.407293640963,638.64,323.6009922483337
10950337,2018-09-21T03:40:40.550000Z,1221536458.55,1221536830.067132,5.9,7505.763649013054,652.35,323.67954308568176
10950126,2018-09-20T14:04:37.480000Z,1221487495.48,1221488213.530893,5.1,17614.507025993888,10.0,77.90168967302903
10950053,2018-09-20T09:21:18.650000Z,1221470496.65,1221470964.899643,5.4,12226.308704334286,10.0,318.362026317291
10950027,2018-09-20T07:05:26.730000Z,1221462344.73,1221462589.5731997,5.0,5016.3230519351455,10.0,342.43749307293507
10950022,2018-09-20T06:45:00.840000Z,1221461118.84,1221461416.1509655,5.1,5484.543934959021,10.0,337.7151754077669
10950011,2018-09-20T05:47:37.730000Z,1221457675.73,1221457973.2594204,5.6,5496.738558974816,15.0,337.6273874413387
10949998,2018-09-20T04:55:34.000000Z,1221454552.0,1221454798.870083,5.2,2305.9607337712355,219.45,340.8486460475453
10949974,2018-09-20T02:36:42.190000Z,1221446220.19,1221446414.3607497,5.1,3669.6262624856276,127.64,14.114025130764801
10949845,2018-09-19T18:42:21.450000Z,1221417759.45,1221418280.6914523,5.0,16735.356345010943,62.58,310.86069832555694
10949711,2018-09-19T08:53:14.600000Z,1221382412.6,1221382983.1772897,5.4,8462.445929628562,10.0,54.8874240189858
10949431,2018-09-18T20:58:23.130000Z,1221339521.13,1221339942.6916752,5.0,8595.095953120484,32.42,323.5618712935099
10949338,2018-09-18T16:21:49.100000Z,1221322927.1,,5.1,438.2727061022002,56.52,240.339947983164
10949288,2018-09-18T12:40:59.535000Z,1221309677.535,1221310443.393341,5.4,5787.79510519751,0.1,273.2582540260872
10949281,2018-09-18T12:40:56.960000Z,1221309674.96,1221310434.118599,5.0,5821.972262259998,10.8,274.25859800572476
10949287,2018-09-18T12:38:35.590000Z,1221309533.59,1221309917.2404625,5.5,7848.184244585436,516.46,323.18459573514457
10949274,2018-09-18T11:57:52.040000Z,1221307090.04,1221307379.7477214,5.8,5374.148356879289,10.0,338.4259467412976
10949258,2018-09-18T09:25:29.590000Z,1221297947.59,1221298134.8681264,5.2,5002.893063739375,10.0,13.186496284882667
10949257,2018-09-18T09:24:16.830000Z,1221297874.83,1221298285.9354713,5.2,8732.067512709582,64.32,324.4117931916497
10949237,2018-09-18T07:27:41.330000Z,1221290879.33,1221291477.568682,6.0,12181.14190887818,10.0,58.78121458577019
10949242,2018-09-18T07:24:41.060000Z,1221290699.06,1221291136.200295,5.1,8377.3005982934,10.0,322.10255241801264
10949154,2018-09-18T02:03:55.470000Z,1221271453.47,1221271623.7661753,5.1,4857.538412023609,35.66,347.86664632744646
10948685,2018-09-17T09:32:41.470000Z,1221211979.47,1221212333.9370923,5.0,8079.476289279656,577.66,326.2528298592862
10948621,2018-09-17T02:32:09.860000Z,1221186747.86,1221187133.1505213,5.0,1297.334192516987,10.0,31.878840361012777
10948619,2018-09-17T02:01:39.170000Z,1221184917.17,1221185352.7507172,5.1,8369.462054930113,10.0,322.28727114183283
10948588,2018-09-17T00:24:14.010000Z,1221179072.01,1221179414.063794,5.3,6555.138374965408,117.29,331.73849435016444
10948555,2018-09-16T21:11:48.820000Z,1221167526.82,1221167880.155384,6.5,8080.309915534879,576.0,326.399403792378
10948491,2018-09-16T15:00:30.740000Z,1221145248.74,1221145595.7702382,5.2,6443.09316292389,35.0,332.0508593738955
10948476,2018-09-16T13:10:47.340000Z,1221138665.34,1221139053.4418702,5.3,7649.623689738119,537.68,322.4765834165888
10948399,2018-09-16T06:54:33.160000Z,1221116091.16,1221116499.9371622,5.0,5807.04820536454,50.13,35.15615184560315
10948384,2018-09-16T04:56:25.680000Z,1221109003.68,1221109244.3419974,5.3,8116.563796753705,10.0,17.22695738297581
10948285,2018-09-15T16:24:34.810000Z,1221063892.81,1221064280.0894456,5.6,1318.2136501077794,10.2,32.10916695966012
10948277,2018-09-15T15:40:15.070000Z,1221061233.07,,5.4,2127.911856302268,49.28,232.6687559693963
10948276,2018-09-15T15:37:59.560000Z,1221061097.56,1221061484.3335292,5.2,1301.4451733916098,10.15,32.05056795641614
10948252,2018-09-15T12:42:17.830000Z,1221050555.83,1221051226.417657,5.0,13445.230965926836,10.0,290.1940774700356
10948233,2018-09-15T10:45:32.290000Z,1221043550.29,1221043862.484457,5.1,2248.4082307429157,10.0,336.28342936985865
10948204,2018-09-15T08:32:21.490000Z,1221035559.49,1221035946.4766927,5.0,1314.1171354353025,10.0,32.072264210685255
10948197,2018-09-15T08:05:29.100000Z,1221033947.1,1221034334.7641006,5.7,1304.124805669295,10.0,32.14956835386508
10959322,2018-09-15T08:05:12.710000Z,1221033930.71,1221034322.4862146,5.1,1304.6190945997698,10.0,32.6195367082559
10948160,2018-09-15T04:40:19.690000Z,1221021637.69,1221022026.7972264,5.4,1304.7088369838293,10.0,32.31436220618794
10948100,2018-09-15T00:40:56.910000Z,1221007274.91,1221007637.0701127,5.2,7489.979437339004,10.0,330.7426611221094
10948096,2018-09-15T00:08:21.430000Z,1221005319.43,1221005707.1051466,5.7,1297.4872629702395,9.32,32.13893139631872
10947959,2018-09-14T15:50:17.820000Z,1220975435.82,,5.8,4338.579707717174,48.0,358.1231982950671
10947894,2018-09-14T11:20:02.590000Z,1220959220.59,1220959709.3506827,5.4,16386.956642356665,120.99,314.28100593527967
10947856,2018-09-14T07:51:24.640000Z,1220946702.64,1220947205.3729382,5.1,5448.968831240328,75.76,46.91670220493923
10947821,2018-09-14T04:12:37.480000Z,1220933575.48,1220934018.947232,5.0,15484.47890841425,150.37,319.5546119006029
10947642,2018-09-13T17:34:12.390000Z,1220895270.39,1220895673.0660994,5.3,9077.87852583208,20.09,325.94998091432933
10947631,2018-09-13T16:49:17.100000Z,1220892575.1,1220892757.7913313,5.0,3803.643215867405,140.37,13.253359579406734
10947569,2018-09-13T11:38:04.760000Z,1220873902.76,1220874601.1964304,5.5,13823.794721645509,10.0,285.5453199459825
10947436,2018-09-12T22:51:04.860000Z,1220827882.86,1220828503.309501,5.1,12697.491173719533,10.0,62.02602027271184
10947427,2018-09-12T22:32:39.260000Z,1220826777.26,1220827018.1863635,5.1,4696.9258736539305,10.0,342.7518945035775
10947265,2018-09-12T11:06:34.230000Z,1220785612.23,1220786302.1405842,5.0,2919.658258215442,10.0,73.00295311764175
10947220,2018-09-12T07:27:50.190000Z,1220772488.19,1220772899.7772284,5.1,5876.307353639594,42.9,35.401776676153354
10947215,2018-09-12T06:29:53.110000Z,1220769011.11,1220769443.4459677,5.4,12922.231987187242,103.0,321.4569029912467
10947213,2018-09-12T06:21:48.430000Z,1220768526.43,1220769067.5090132,5.3,8948.343084090815,49.3,51.582026775923225
10947197,2018-09-12T04:50:46.670000Z,1220763064.67,1220763698.015397,5.3,4573.107194654679,10.0,63.96324871033796
10947159,2018-09-12T00:28:09.050000Z,1220747307.05,,5.1,1473.4013556257194,80.69,230.69379087140172
10947011,2018-09-11T15:14:08.930000Z,1220714066.93,1220714654.3797913,5.4,12384.511434451708,10.0,302.75595551202304
10947004,2018-09-11T15:09:27.250000Z,1220713785.25,1220714373.009325,5.3,12389.042291179558,10.0,302.71219067730453
10946698,2018-09-10T23:02:56.060000Z,1220655794.06,1220656328.313225,5.1,8905.490084247485,108.14,51.487989643527
10946624,2018-09-10T20:24:41.060000Z,1220646299.06,1220646684.8067298,5.1,7630.897037474751,576.96,322.4666236907072
10946620,2018-09-10T20:22:24.280000Z,1220646162.28,1220646461.5887773,5.1,5396.759351928162,10.0,22.47253501192614
10946601,2018-09-10T19:31:37.420000Z,1220643115.42,1220643471.8289576,6.3,7330.718714274578,12.0,331.35628045943116
10946400,2018-09-10T11:57:03.810000Z,1220615841.81,1220616111.956297,5.3,3060.4374920995187,10.0,19.76801943131003
10946361,2018-09-10T08:24:11.290000Z,1220603069.29,1220603709.033772,5.1,17174.34439981188,10.0,295.0600782794866
10946332,2018-09-10T04:19:02.630000Z,1220588360.63,1220588755.9818962,6.9,8793.9572912621,115.0,325.6771628918419
10946329,2018-09-10T03:50:15.530000Z,1220586633.53,1220586932.3233747,5.0,5387.264137843909,10.0,22.42406861383952
10946293,2018-09-09T23:34:15.610000Z,1220571273.61,1220571630.5036335,5.0,7374.671510025099,10.0,331.3361170571512
10946252,2018-09-09T19:31:35.090000Z,1220556713.09,1220557030.1614962,6.5,5732.255935191372,68.0,335.0318904518418
10946009,2018-09-09T00:06:24.960000Z,1220486802.96,1220487171.3747382,5.5,8132.882041993906,489.11,325.23132852063986
10945989,2018-09-08T22:27:29.910000Z,1220480867.91,1220481302.5588763,5.5,8332.827375382498,10.0,322.3975132050495
10945888,2018-09-08T14:38:56.980000Z,1220452754.98,1220453232.1914558,5.1,14696.754437009784,10.0,317.2629411397826
10945822,2018-09-08T10:02:48.210000Z,1220436186.21,1220436542.9193304,5.8,7356.156901069209,9.0,331.37399446453577
10945784,2018-09-08T07:16:49.620000Z,1220426227.62,1220426468.7152388,6.2,3415.4385547983184,10.0,17.261619536681433
10945628,2018-09-08T02:31:30.740000Z,1220409108.74,1220409706.8728025,5.7,3717.5773897828835,8.0,58.719895958260885
10945568,2018-09-07T22:14:03.630000Z,1220393661.63,1220393921.2661,5.0,11008.285635114156,10.0,341.19179611056103
10945535,2018-09-07T20:44:09.280000Z,1220388267.28,1220388496.6144216,5.4,3940.391764620523,189.0,17.34744943128709
10945483,2018-09-07T17:14:38.080000Z,1220375696.08,1220375991.2636817,5.0,5410.680791717415,26.4,22.291758281978254
10945413,2018-09-07T13:07:15.320000Z,1220360853.32,1220361018.0775554,5.4,4498.800827281597,10.0,348.46115133829784
10945280,2018-09-07T06:23:38.650000Z,1220336636.65,1220337247.608549,5.6,7196.10520470608,10.0,60.625743000073236
10945260,2018-09-07T05:10:14.160000Z,1220332232.16,1220332615.8300304,5.3,7650.814104121912,603.21,322.52873131858155
10945241,2018-09-07T03:56:05.340000Z,1220327783.34,1220328195.6536746,5.0,8722.415527980553,35.0,324.6030175567464
10945231,2018-09-07T02:39:17.730000Z,1220323175.73,1220323803.1478608,5.8,17345.003196254893,92.4,295.41262129473444
10945229,2018-09-07T02:12:04.350000Z,1220321542.35,1220321986.7985754,6.2,14720.987765081461,93.53,320.11241693757125
10945216,2018-09-07T01:51:28.540000Z,1220320306.54,1220320448.9354887,5.0,2689.5223890414504,134.44,349.8335249865897
10945215,2018-09-07T01:47:23.650000Z,1220320061.65,1220320465.5755603,5.6,13887.094052362592,10.0,325.9845392094971
10944942,2018-09-06T16:31:32.040000Z,1220286710.04,1220287083.7497807,5.4,7536.2612202268765,623.81,323.6059134491176
10955689,2018-09-06T16:23:03.560000Z,1220286201.56,1220286575.369755,5.1,7517.051121326097,625.76,323.58011135782783
10955647,2018-09-06T16:10:59.950000Z,1220285477.95,1220285850.58169,5.1,7499.4547992417965,631.62,323.68395939098923
10955635,2018-09-06T16:10:12.310000Z,1220285430.31,1220285802.6375809,5.0,7579.741965841068,646.47,323.6197613902328
10955535,2018-09-06T16:08:59.780000Z,1220285357.78,1220285730.922268,5.2,7515.654157991716,633.22,323.61035352782585
10955625,2018-09-06T16:08:21.610000Z,1220285319.61,1220285692.081841,5.1,7532.832133475649,660.43,323.5084625952375
10955573,2018-09-06T16:07:34.340000Z,1220285272.34,1220285652.3900034,5.0,7511.684614528244,630.44,322.78020445355276
10955528,2018-09-06T16:02:50.590000Z,1220284988.59,1220285363.310909,5.3,7548.243192048496,630.29,323.43693073792684
10955514,2018-09-06T16:01:45.400000Z,1220284923.4,1220285252.9004588,5.2,6592.731177650098,643.62,328.7964935924701
10955505,2018-09-06T15:58:27.980000Z,1220284725.98,1220285102.2815237,5.1,7577.204678258505,623.83,323.28790410335057
10955478,2018-09-06T15:57:24.780000Z,1220284662.78,1220285039.915115,5.4,7547.173422909117,658.41,322.94646092307516
10955475,2018-09-06T15:56:41.110000Z,1220284619.11,1220284986.047707,5.7,7494.735434046858,656.35,324.21427587693915
10944928,2018-09-06T15:49:14.420000Z,1220284172.42,1220284541.2718587,7.9,7516.890738036238,617.87,324.2404905204693
10944733,2018-09-06T06:43:09.070000Z,1220251407.07,1220251701.2014327,5.0,5393.38202449333,10.0,21.986923295722782
10944714,2018-09-06T05:13:38.840000Z,1220246036.84,1220246422.8596857,5.5,7606.090095091615,528.61,322.8015465279132
10944636,2018-09-06T00:13:50.110000Z,1220228048.11,1220228518.378091,5.4,5731.458591783344,10.0,41.884647424792966
10944584,2018-09-05T21:11:28.920000Z,1220217106.92,,5.3,802.4314778532622,29.28,211.6641809572268
10944568,2018-09-05T20:16:41.390000Z,1220213819.39,1220214519.6442125,5.1,17498.277472082777,113.14,283.0123640101616
10944522,2018-09-05T18:20:11.460000Z,1220206829.46,,5.2,795.7180252257249,35.0,212.31551960881617
10952013,2018-09-05T18:17:10.470000Z,1220206648.47,,5.3,798.3245562839584,35.0,211.85048778987124
10944513,2018-09-05T18:07:59.150000Z,1220206097.15,,6.6,799.7212745995898,35.0,211.24943213418217
10944456,2018-09-05T16:05:46.830000Z,1220198764.83,1220199204.439773,5.5,8361.857840245602,10.0,321.8095507354247
10944159,2018-09-05T05:09:42.550000Z,1220159400.55,,5.3,17242.00271451964,35.0,144.44043626826095
10944133,2018-09-05T03:33:17.110000Z,1220153615.11,,5.4,17256.352450981944,35.0,145.05778255452864
10944085,2018-09-05T00:43:12.050000Z,1220143410.05,,5.0,17246.889794562463,10.0,144.464507039939
10944082,2018-09-05T00:36:23.240000Z,1220143001.24,,5.5,17252.045764224,10.0,144.47689963621377
10944078,2018-09-04T23:22:54.090000Z,1220138592.09,1220139094.6310146,5.4,9769.47510621593,10.0,45.90097670841479
10944052,2018-09-04T22:58:19.660000Z,1220137117.66,1220137815.561858,5.0,6149.30176281745,10.0,74.36287219036238
10943974,2018-09-04T20:11:19.570000Z,1220127097.57,1220127871.2249355,5.4,365.9369454725693,39.53,270.3412828939963
10943937,2018-09-04T18:38:02.390000Z,1220121500.39,,5.1,17248.51533828403,10.0,144.21505027076722
10943825,2018-09-04T14:37:48.920000Z,1220107086.92,,5.2,17304.024014429164,35.0,144.87685280798647
10943811,2018-09-04T13:32:29.510000Z,1220103167.51,,5.0,17299.88976618018,35.0,144.68600085531332
10943671,2018-09-03T23:37:17.590000Z,1220053055.59,1220053524.7712533,5.9,13941.146426345764,10.0,318.2482401251707
10943659,2018-09-03T21:52:56.300000Z,1220046794.3,1220047487.150996,5.5,5224.02675144482,10.0,73.5006687501372
10943633,2018-09-03T20:35:50.030000Z,1220042168.03,,5.6,17286.296206842857,28.49,144.64102898761263
10943475,2018-09-03T07:15:30.240000Z,1219994148.24,1219994368.654148,5.5,4654.518634447663,10.0,344.3597860681806
10943427,2018-09-03T02:16:19.780000Z,1219976197.78,1219976419.1543431,5.5,4662.243760121898,10.0,344.2862500628173
10943415,2018-09-03T00:58:42.700000Z,1219971540.7,1219971849.6415122,5.1,2321.6813428655287,25.9,336.38978619451893
10943308,2018-09-02T17:56:40.210000Z,1219946218.21,1219946493.2710218,5.1,5167.354555191469,10.0,339.7808924540084
10946993,2018-09-02T14:26:18.190000Z,1219933596.19,,5.0,17604.849486380757,10.0,146.2710490645589
10943086,2018-09-02T00:15:46.250000Z,1219882564.25,1219882863.9422688,5.3,5394.975291732553,16.06,22.590463020114967
10942801,2018-09-01T15:43:00.730000Z,1219851798.73,1219851978.9174747,5.6,971.1248318829619,435.0,346.0422508977199
10942773,2018-09-01T14:23:25.610000Z,1219847023.61,1219847831.8303864,5.0,3898.5189731010664,51.76,262.4694183301805
10942688,2018-09-01T06:13:45.040000Z,1219817643.04,1219818145.335379,5.5,9769.357739672421,10.0,45.869863126764244
